"Timestamp","At what time is your earliest class on Monday?","On Mondays, what time do you go to the DCT for breakfast and how long do you expect to wait to get inside and get your food? [0-5 minutes]","On Mondays, what time do you go to the DCT for breakfast and how long do you expect to wait to get inside and get your food? [5-10 minutes]","On Mondays, what time do you go to the DCT for breakfast and how long do you expect to wait to get inside and get your food? [10-15 minutes]","On Mondays, what time do you go to the DCT for breakfast and how long do you expect to wait to get inside and get your food? [15-20 minutes]","On Mondays, what time do you go to the DCT for breakfast and how long do you expect to wait to get inside and get your food? [20-25 minutes]","On Mondays, what time do you go to the DCT for breakfast and how long do you expect to wait to get inside and get your food? [25 - 30 minutes]","On Mondays, what time do you go to the DCT for breakfast and how long do you expect to wait to get inside and get your food? [30-35 minutes]","On Mondays, what time do you go to the DCT for breakfast and how long do you expect to wait to get inside and get your food? [35-40 minutes]","On Mondays, what time do you go to the DCT for breakfast and how long do you expect to wait to get inside and get your food? [More than 40 minutes]","On Mondays, what time do you go to the DCT for breakfast and how long do you expect to wait to get inside and get your food? [I do not eat breakfast on Mondays]","On Mondays, what time do you go to the DCT for Lunch and how long do you expect to wait to get inside and get your food? [0-5 minutes]","On Mondays, what time do you go to the DCT for Lunch and how long do you expect to wait to get inside and get your food? [5-10 minutes]","On Mondays, what time do you go to the DCT for Lunch and how long do you expect to wait to get inside and get your food? [10-15 minutes]","On Mondays, what time do you go to the DCT for Lunch and how long do you expect to wait to get inside and get your food? [15-20 minutes]","On Mondays, what time do you go to the DCT for Lunch and how long do you expect to wait to get inside and get your food? [20-25 minutes]","On Mondays, what time do you go to the DCT for Lunch and how long do you expect to wait to get inside and get your food? [25 - 30 minutes]","On Mondays, what time do you go to the DCT for Lunch and how long do you expect to wait to get inside and get your food? [30-35 minutes]","On Mondays, what time do you go to the DCT for Lunch and how long do you expect to wait to get inside and get your food? [35-40 minutes]","On Mondays, what time do you go to the DCT for Lunch and how long do you expect to wait to get inside and get your food? [More than 40 minutes]","On Mondays, what time do you go to the DCT for Lunch and how long do you expect to wait to get inside and get your food? [I do not eat Lunch on Mondays]","On Mondays, what time do you go to the DCT for Dinner and how long do you expect to wait to get inside and get your food? [0-5 minutes]","On Mondays, what time do you go to the DCT for Dinner and how long do you expect to wait to get inside and get your food? [5-10 minutes]","On Mondays, what time do you go to the DCT for Dinner and how long do you expect to wait to get inside and get your food? [10-15 minutes]","On Mondays, what time do you go to the DCT for Dinner and how long do you expect to wait to get inside and get your food? [15-20 minutes]","On Mondays, what time do you go to the DCT for Dinner and how long do you expect to wait to get inside and get your food? [20-25 minutes]","On Mondays, what time do you go to the DCT for Dinner and how long do you expect to wait to get inside and get your food? [25 - 30 minutes]","On Mondays, what time do you go to the DCT for Dinner and how long do you expect to wait to get inside and get your food? [30-35 minutes]","On Mondays, what time do you go to the DCT for Dinner and how long do you expect to wait to get inside and get your food? [35-40 minutes]","On Mondays, what time do you go to the DCT for Dinner and how long do you expect to wait to get inside and get your food? [More than 40 minutes]","On Mondays, what time do you go to the DCT for Dinner and how long do you expect to wait to get inside and get your food? [I do not eat dinner on Mondays]"
"2022/02/13 2:13:23 PM EST","Between 11:00 am and noon","","","","","","","","","","8:00 am - 8:30 am","","","","","","","","","","11:00 am - 11:30 am","","","","","6:00 pm - 6:30 pm","","","","",""
"2022/02/13 2:14:59 PM EST","Between 11:00 am and noon","","","","","","","","","","I do not eat breakfast on Mondays","","","After 2:00 pm (Between 2:00 pm and 5:00 pm)","","","","","","","","","","","","5:00 pm - 5:30 pm","","","","",""
"2022/02/13 2:15:24 PM EST","Between 10:00 am and 11:00 am","","","","","","","","","","I do not eat breakfast on Mondays","","","12:30 pm - 1:00 pm","","","","","","","","","","","6:30 pm - 7:00 pm","","","","","",""
"2022/02/13 2:16:03 PM EST","Between 11:00 am and noon","I do not eat breakfast on Mondays","I do not eat breakfast on Mondays","I do not eat breakfast on Mondays","I do not eat breakfast on Mondays","I do not eat breakfast on Mondays","I do not eat breakfast on Mondays","I do not eat breakfast on Mondays","I do not eat breakfast on Mondays","I do not eat breakfast on Mondays","I do not eat breakfast on Mondays","","12:30 pm - 1:00 pm","","","","","","","","","","","6:00 pm - 6:30 pm","","","","","","",""
"2022/02/13 2:16:32 PM EST","Between 10:00 am and 11:00 am","","","","","","","","","","I do not eat breakfast on Mondays","","","","11:30 am - noon","","","","","","","","","5:00 pm - 5:30 pm","","","","","","",""
"2022/02/13 2:18:17 PM EST","Between 10:00 am and 11:00 am","I do not eat breakfast on Mondays","I do not eat breakfast on Mondays","I do not eat breakfast on Mondays","I do not eat breakfast on Mondays","I do not eat breakfast on Mondays","I do not eat breakfast on Mondays","I do not eat breakfast on Mondays","I do not eat breakfast on Mondays","I do not eat breakfast on Mondays","I do not eat breakfast on Mondays","","","12:30 pm - 1:00 pm","","","","","","","","","6:30 pm - 7:00 pm","","","","","","","",""
"2022/02/13 2:19:22 PM EST","Between 8:00 am and 9:00 am","","","","","","","","","","I do not eat breakfast on Mondays","12:30 pm - 1:00 pm","","","","","","","","","","5:30 pm - 6:00 pm","","","","","","","","",""
"2022/02/13 2:19:56 PM EST","Between 11:00 am and noon","8:30 am - 9:00 am","","","","","","","","","","11:00 am - 11:30 am","","","","","","","","","","","6:00 pm - 6:30 pm","","","","","","","",""
"2022/02/13 2:21:25 PM EST","Between 10:00 am and 11:00 am","9:00 am - 9:30 am","","","","","","","","","","","","","","","","","","","11:00 am - 11:30 am","","5:00 pm - 5:30 pm","","","","","","","",""
"2022/02/13 2:22:29 PM EST","I don't have classes on Mondays","","","","","","","","","","8:00 am - 8:30 am","","","","","","","","","","11:00 am - 11:30 am","","","","","","","","","","5:00 pm - 5:30 pm"
"2022/02/13 2:22:53 PM EST","Between 11:00 am and noon","","","","","","","","","","8:00 am - 8:30 am","","","","","","","","","","11:00 am - 11:30 am","","","6:00 pm - 6:30 pm","","","","","","",""
"2022/02/13 2:28:03 PM EST","Between 10:00 am and 11:00 am","","","10:30 am - 11:00 am","","","","","","","","After 2:00 pm (Between 2:00 pm and 5:00 pm)","","","","","","","","","","","","","","","7:30 pm - 8:00 pm","","","",""
"2022/02/13 2:28:41 PM EST","Between 8:00 am and 9:00 am","","","","","","","","","","8:00 am - 8:30 am","After 2:00 pm (Between 2:00 pm and 5:00 pm)","","","","","","","","","","6:00 pm - 6:30 pm","","","","","","","","",""
"2022/02/13 2:29:27 PM EST","I don't have classes on Mondays","","","","","","","","","","I do not eat breakfast on Mondays","","1:30 pm - 2:00 pm","","","","","","","","","","6:30 pm - 7:00 pm","","","","","","","",""
"2022/02/13 2:32:18 PM EST","Between 10:00 am and 11:00 am","9:30 am - 10:00 am","","","","","","","","","","","","","","","","","","","I do not eat lunch on Mondays","","","","5:30 pm - 6:00 pm","","","","","",""
"2022/02/13 2:33:27 PM EST","Between 10:00 am and 11:00 am","","","","","","","","","","I do not eat breakfast on Mondays","","","12:30 pm - 1:00 pm","","","","","","","","","","","","","","","","","I do not eat dinner on Mondays"
"2022/02/13 2:34:25 PM EST","After noon","","","","","","","","","","8:00 am - 8:30 am","","","noon - 12:30 pm","","","","","","","","","","","6:00 pm - 6:30 pm","","","","","",""
"2022/02/13 2:35:05 PM EST","Between 10:00 am and 11:00 am","9:00 am - 9:30 am","","","","","","","","","","","12:30 pm - 1:00 pm","","","","","","","","","5:30 pm - 6:00 pm","","","","","","","","",""
"2022/02/13 2:47:18 PM EST","Between 8:00 am and 9:00 am","8:00 am - 8:30 am","","","","","","","","","","","","11:30 am - noon","11:30 am - noon","","","","","","","","","5:30 pm - 6:00 pm","","","","","","",""
"2022/02/13 2:47:48 PM EST","Between 10:00 am and 11:00 am","9:00 am - 9:30 am","","","","","","","","","","noon - 12:30 pm","","","","","","","","","","6:00 pm - 6:30 pm","","","","","","","","",""
"2022/02/13 2:53:48 PM EST","Between 11:00 am and noon","","","","","","","","","","I do not eat breakfast on Mondays","11:00 am - 11:30 am","","","","","","","","","","","","5:30 pm - 6:00 pm","","","","","","",""
"2022/02/13 3:04:59 PM EST","After noon","","","","","","","","","","8:00 am - 8:30 am","","","","","","1:00 pm -1:30 pm","1:00 pm -1:30 pm","","","","","","","6:30 pm - 7:00 pm","7:00 pm -7:30 pm","","","","",""
"2022/02/13 3:16:27 PM EST","After noon","","","","","","","","","","I do not eat breakfast on Mondays","","","","","","","","","","I do not eat lunch on Mondays","","7:30 pm - 8:00 pm","","","","","","","",""
"2022/02/13 3:19:31 PM EST","Between 10:00 am and 11:00 am","","9:30 am - 10:00 am","","","","","","","","","","","noon - 12:30 pm","","","","","","","","","","","6:00 pm - 6:30 pm","","","","","",""
"2022/02/13 3:23:33 PM EST","After noon","","","","","","","","","","8:00 am - 8:30 am","","","12:30 pm - 1:00 pm","","","","","","","","5:00 pm - 5:30 pm","","","","","","","","",""
"2022/02/13 3:38:45 PM EST","Between 10:00 am and 11:00 am","","","","","","","","","","I do not eat breakfast on Mondays","","","","11:30 am - noon","","","","","","","","","","6:00 pm - 6:30 pm","6:00 pm - 6:30 pm","","","","",""
"2022/02/13 3:47:37 PM EST","Between 11:00 am and noon","I do not eat breakfast on Mondays","","","","","","","","","I do not eat breakfast on Mondays","I do not eat lunch on Mondays","","","","","","","","","I do not eat lunch on Mondays","","","5:30 pm - 6:00 pm","6:00 pm - 6:30 pm","6:30 pm - 7:00 pm","6:30 pm - 7:00 pm","","","",""
"2022/02/13 3:49:13 PM EST","Between 10:00 am and 11:00 am","8:30 am - 9:00 am","","","","","","","","","","","11:00 am - 11:30 am","","","11:30 am - noon","noon - 12:30 pm","","","","","","6:30 pm - 7:00 pm","5:00 pm - 5:30 pm","6:00 pm - 6:30 pm","5:30 pm - 6:00 pm","","","","",""
"2022/02/13 4:01:42 PM EST","Between 10:00 am and 11:00 am","","","","","","","","","","8:00 am - 8:30 am","After 2:00 pm (Between 2:00 pm and 5:00 pm)","","","","","","","","","","","7:00 pm -7:30 pm","","","","","","","",""
"2022/02/13 4:12:45 PM EST","Between 11:00 am and noon","I do not eat breakfast on Mondays","","","","","","","","","","","","12:30 pm - 1:00 pm","","","","","","","","","","6:30 pm - 7:00 pm","","","","","","",""
"2022/02/13 4:24:56 PM EST","I don't have classes on Mondays","","","","","","","","","","I do not eat breakfast on Mondays","","11:30 am - noon","","","","","","","","","","","","","6:30 pm - 7:00 pm","","","","",""
"2022/02/13 4:47:01 PM EST","Between 8:00 am and 9:00 am","","","","","","","","","","I do not eat breakfast on Mondays","","11:30 am - noon","","","","","","","","","","","6:00 pm - 6:30 pm","","","","","","",""
"2022/02/13 6:13:09 PM EST","Between 8:00 am and 9:00 am","8:00 am - 8:30 am","","","","","","","","","","","","","","","","","","","11:00 am - 11:30 am","6:30 pm - 7:00 pm","","","","","","","","",""
"2022/02/13 8:56:24 PM EST","Between 9:00 am and 10:00 am","I do not eat breakfast on Mondays","","","","","","","","","","","11:00 am - 11:30 am","11:00 am - 11:30 am","","","","","","","","","5:30 pm - 6:00 pm","6:00 pm - 6:30 pm","6:00 pm - 6:30 pm","","","","","",""
"2022/02/14 1:39:53 AM EST","Between 8:00 am and 9:00 am","I do not eat breakfast on Mondays","","","","","","","","","","","1:00 pm -1:30 pm","","","","","","","","","","7:00 pm -7:30 pm","","","","","","","",""
"2022/02/14 9:20:20 AM EST","Between 10:00 am and 11:00 am","","","","","","","","","","","","","","","","","","","","","","6:00 pm - 6:30 pm","","","","","","","",""
"2022/02/14 9:55:04 AM EST","Between 9:00 am and 10:00 am","I do not eat breakfast on Mondays","I do not eat breakfast on Mondays","I do not eat breakfast on Mondays","I do not eat breakfast on Mondays","I do not eat breakfast on Mondays","I do not eat breakfast on Mondays","I do not eat breakfast on Mondays","I do not eat breakfast on Mondays","I do not eat breakfast on Mondays","I do not eat breakfast on Mondays","","noon - 12:30 pm","noon - 12:30 pm","","","","","","","","","","7:00 pm -7:30 pm","7:00 pm -7:30 pm","","","","","",""
"2022/02/14 10:32:03 AM EST","Between 10:00 am and 11:00 am","","","","","","","","","","I do not eat breakfast on Mondays","","","","","","","","","","I do not eat lunch on Mondays","","","6:00 pm - 6:30 pm","","","","","","",""
"2022/02/14 11:24:26 PM EST","Between 11:00 am and noon","","","","","","","","","","I do not eat breakfast on Mondays","","","","1:00 pm -1:30 pm","12:30 pm - 1:00 pm","","","","","","","","","","7:00 pm -7:30 pm","","","","",""
"2022/02/15 12:31:38 PM EST","Between 11:00 am and noon","","","","","","","","","","I do not eat breakfast on Mondays","","","","","12:30 pm - 1:00 pm","","","","","","","","6:30 pm - 7:00 pm","","","","","","",""